time,ego_id,ego_speed,ego_acceleration,ego_x,ego_y,nearest_vehicle_id,nearest_vehicle_relative_speed,nearest_vehicle_relative_acceleration,nearest_vehicle_relative_displacement,collision_occurred,collision_label
0.5,ego_vehicle,0.0,0.0,244.9,4.8,non_ego_flow.0,0.29,1.21,312.2565285146173,0,0
0.6,ego_vehicle,0.03,0.34,244.9,4.8,non_ego_flow.0,0.43000000000000005,1.2999999999999998,312.2245635756418,0,0
0.7,ego_vehicle,0.1,0.64,244.89,4.8,non_ego_flow.0,0.56,1.3599999999999999,312.17852104204735,0,0
0.8,ego_vehicle,0.21,1.12,244.87,4.8,non_ego_flow.0,0.67,1.13,312.1056207440039,0,0
0.9,ego_vehicle,0.4,1.86,244.83,4.8,non_ego_flow.0,0.7200000000000001,0.55,312.0045669537547,0,0
1.0,ego_vehicle,0.68,2.8,244.76,4.8,non_ego_flow.0,0.6900000000000001,-0.2999999999999998,311.86127957795594,0,0
1.1,ego_vehicle,1.05,3.78,244.65,4.8,non_ego_flow.0,0.5799999999999998,-1.23,311.6744509901317,0,0
1.2,ego_vehicle,1.52,4.61,244.5,4.8,non_ego_flow.0,0.3599999999999999,-2.0400000000000005,311.4376913605673,0,0
1.3,ego_vehicle,2.04,5.2,244.3,4.8,non_ego_flow.0,0.10000000000000009,-2.62,311.14330203300216,0,0
1.4,ego_vehicle,2.59,5.56,244.04,4.8,non_ego_flow.0,-0.18999999999999995,-2.9599999999999995,310.78996444544345,0,0
1.5,ego_vehicle,3.17,5.76,243.72,4.8,non_ego_flow.0,-0.5099999999999998,-3.1599999999999997,310.37767445484866,0,0
1.6,ego_vehicle,3.77,6.04,243.35,4.8,non_ego_flow.0,-0.8500000000000001,-3.44,309.9077465956603,0,0
1.7,ego_vehicle,4.37,5.96,242.91,4.8,non_ego_flow.0,-1.19,-3.36,309.36478823550686,0,0
1.8,ego_vehicle,5.0,6.36,242.41,4.8,non_ego_flow.0,-1.56,-3.8000000000000003,308.7565022797091,0,0
1.9,ego_vehicle,5.66,6.55,241.84,4.8,non_ego_flow.0,-1.9500000000000002,-3.79,308.08158935580684,0,0
2.0,ego_vehicle,6.25,5.89,241.22,4.8,non_ego_flow.0,-2.26,-3.1199999999999997,307.3490662097414,0,0
2.1,ego_vehicle,6.86,6.16,240.53,4.8,non_ego_flow.0,-2.6100000000000003,-3.5300000000000002,306.54995318870954,0,0
2.2,ego_vehicle,7.5,6.42,239.78,4.8,non_ego_flow.0,-2.9800000000000004,-3.7199999999999998,305.6855750603878,0,0
2.3,ego_vehicle,8.02,5.16,238.98,4.8,non_ego_flow.0,-3.2199999999999998,-2.3600000000000003,304.7636362822835,0,0
2.4,ego_vehicle,8.42,4.01,238.14,4.8,non_ego_flow.0,-3.3099999999999996,-0.9499999999999997,303.78542756360116,0,0
2.5,ego_vehicle,8.75,3.3,237.26,4.8,non_ego_flow.1,-8.75,-3.3,7.640000000000015,0,0
2.6,ego_vehicle,9.11,3.6,236.35,4.8,non_ego_flow.1,-9.11,-3.6,8.550000000000011,0,0
2.7,ego_vehicle,9.47,3.61,235.4,4.8,non_ego_flow.1,-9.370000000000001,-2.58,9.48999999999998,0,0
2.8,ego_vehicle,9.86,3.91,234.42,4.8,non_ego_flow.1,-9.59,-2.2700000000000005,10.440000000000026,0,0
2.9,ego_vehicle,10.28,4.21,233.39,4.8,non_ego_flow.1,-9.819999999999999,-2.25,11.430000000000007,0,0
3.0,ego_vehicle,10.7,4.13,232.32,1.6,non_ego_flow.1,-10.02,-1.98,12.835298983662211,0,0
3.1,ego_vehicle,11.14,4.43,231.21,1.6,non_ego_flow.1,-10.200000000000001,-1.8299999999999996,13.82542946891704,0,0
3.2,ego_vehicle,11.38,2.41,230.07,1.6,non_ego_flow.1,-10.180000000000001,0.18999999999999995,14.819612005717287,0,0
3.3,ego_vehicle,11.65,2.71,228.9,1.6,non_ego_flow.1,-10.190000000000001,-0.10999999999999988,15.81708253756044,0,0
3.4,ego_vehicle,11.95,2.95,227.71,1.6,non_ego_flow.1,-10.229999999999999,-0.3500000000000001,16.817256018744548,0,0
3.5,ego_vehicle,12.21,2.66,226.49,1.6,non_ego_flow.1,-10.23,-0.06000000000000005,17.8196773259226,0,0
3.6,ego_vehicle,12.3,0.84,225.26,1.6,non_ego_flow.1,-10.06,1.7600000000000002,18.81413298560422,0,0
3.7,ego_vehicle,12.31,0.15,224.03,1.6,non_ego_flow.1,-9.81,2.45,19.780556109472766,0,0
3.8,ego_vehicle,12.3,-0.15,222.8,1.6,non_ego_flow.1,-9.540000000000001,2.75,20.718612405274634,0,0
3.9,ego_vehicle,12.31,0.15,221.57,1.6,non_ego_flow.1,-9.290000000000001,2.45,21.637929660667638,0,0
4.0,ego_vehicle,12.29,-0.15,220.34,1.6,non_ego_flow.1,-9.01,2.75,22.528426487440246,0,0
4.1,ego_vehicle,12.25,-0.45,219.11,1.6,non_ego_flow.1,-8.73,2.9400000000000004,23.399837606274087,0,0
4.2,ego_vehicle,12.17,-0.75,217.89,1.6,non_ego_flow.1,-8.39,3.28,24.23221822285365,0,0
4.3,ego_vehicle,12.07,-1.05,216.69,1.6,non_ego_flow.1,-8.04,3.5300000000000002,25.025435061153278,0,0
4.4,ego_vehicle,11.93,-1.35,215.49,1.6,non_ego_flow.1,-7.66,3.83,25.789302045615738,0,0
4.5,ego_vehicle,11.77,-1.65,214.32,1.6,non_ego_flow.1,-7.26,3.9899999999999998,26.503888393969667,0,0
4.6,ego_vehicle,11.57,-1.95,213.16,1.6,non_ego_flow.1,-6.800000000000001,4.53,27.188968351153008,0,0
4.7,ego_vehicle,11.35,-2.25,212.02,1.6,non_ego_flow.1,-6.3,5.109999999999999,27.814688565576276,0,0
4.8,ego_vehicle,11.09,-2.55,210.91,1.6,non_ego_flow.1,-5.74,5.51,28.39091580065709,0,0
4.9,ego_vehicle,10.81,-2.85,209.83,1.6,non_ego_flow.1,-5.19,5.6,28.89772309369719,0,0
5.0,ego_vehicle,10.49,-3.15,208.78,1.6,non_ego_flow.1,-4.59,5.87,29.354938255768833,0,0
5.1,ego_vehicle,10.15,-3.45,207.77,1.6,non_ego_flow.1,-4.010000000000001,5.9,29.752586442190182,0,0
5.2,ego_vehicle,9.9,-2.52,206.78,1.6,non_ego_flow.1,-3.5200000000000005,4.9,30.100579728636465,0,0
5.3,ego_vehicle,9.86,-0.35,205.79,1.6,non_ego_flow.1,-3.249999999999999,2.71,30.428729845328757,0,0
5.4,ego_vehicle,9.8,-0.65,204.81,1.6,non_ego_flow.1,-2.9400000000000004,3.1,30.717136910851583,0,0
5.5,ego_vehicle,9.7,-0.95,203.84,1.6,non_ego_flow.1,-2.5699999999999994,3.7,30.975734051027754,0,0
5.6,ego_vehicle,9.58,-1.25,202.89,1.6,non_ego_flow.1,-2.1500000000000004,4.1899999999999995,31.184618003111737,0,0
5.7,ego_vehicle,9.42,-1.55,201.94,1.6,non_ego_flow.1,-1.7000000000000002,4.49,31.36367325426024,0,0
5.8,ego_vehicle,9.24,-1.85,201.02,1.6,non_ego_flow.1,-1.2400000000000002,4.63,31.483049407578033,0,0
5.9,ego_vehicle,9.02,-2.15,200.12,1.6,non_ego_flow.1,-0.7699999999999996,4.640000000000001,31.55268768266816,0,0
6.0,ego_vehicle,8.78,-2.45,199.24,1.6,non_ego_flow.1,-0.27999999999999936,4.95,31.582533147295187,0,0
6.1,ego_vehicle,8.5,-2.75,198.39,1.6,non_ego_flow.1,0.2599999999999998,5.35,31.55268768266819,0,0
6.2,ego_vehicle,8.2,-3.05,197.57,1.6,non_ego_flow.1,0.8399999999999999,5.8,31.473101213576015,0,0
6.3,ego_vehicle,7.86,-3.35,196.78,1.6,non_ego_flow.1,1.4299999999999988,5.87,31.33382996060327,0,0
6.4,ego_vehicle,7.5,-3.65,196.04,1.6,non_ego_flow.1,2.039999999999999,6.23,31.124935341298308,0,0
6.5,ego_vehicle,7.1,-3.95,195.32,1.6,non_ego_flow.1,2.710000000000001,6.5600000000000005,30.86632469213011,0,0
6.6,ego_vehicle,6.69,-4.17,194.66,1.6,non_ego_flow.1,3.38,6.82,30.518232255489497,0,0
6.7,ego_vehicle,6.38,-3.07,194.02,1.6,non_ego_flow.1,3.95,5.699999999999999,30.13040988768654,0,0
6.8,ego_vehicle,6.28,-1.0,193.39,1.6,non_ego_flow.1,4.329999999999999,3.75,29.702876965034886,0,0
6.9,ego_vehicle,6.15,-1.3,192.78,1.6,non_ego_flow.1,4.719999999999999,3.95,29.22571641551325,0,0
7.0,ego_vehicle,6.08,-0.7,192.17,1.6,non_ego_flow.1,5.07,3.51,28.718837023807236,0,0
7.1,ego_vehicle,6.07,-0.1,191.56,1.6,non_ego_flow.1,5.33,2.58,28.192199275686164,0,0
7.2,ego_vehicle,6.09,0.2,190.95,1.6,non_ego_flow.1,5.540000000000001,2.0999999999999996,27.645824277818168,0,0
7.3,ego_vehicle,6.14,0.5,190.34,1.6,non_ego_flow.1,5.72,1.7400000000000002,27.069806057672444,0,0
7.4,ego_vehicle,6.22,0.8,189.72,1.6,non_ego_flow.1,5.840000000000001,1.2699999999999998,26.493961576178084,0,0
7.5,ego_vehicle,6.33,1.1,189.08,1.6,non_ego_flow.1,5.92,0.7899999999999998,25.908378953535458,0,0
7.6,ego_vehicle,6.47,1.4,188.44,1.6,non_ego_flow.1,5.95,0.31000000000000005,25.313081598256677,0,0
7.7,ego_vehicle,6.64,1.7,187.77,1.6,non_ego_flow.1,5.96,0.06000000000000005,24.727927531436983,0,0
7.8,ego_vehicle,6.84,2.0,187.09,1.6,non_ego_flow.1,5.93,-0.33000000000000007,24.133097604741902,0,0
7.9,ego_vehicle,7.07,2.3,186.38,1.6,non_ego_flow.1,5.859999999999999,-0.7199999999999998,23.558344593795216,0,0
8.0,ego_vehicle,7.33,2.6,185.65,1.6,non_ego_flow.1,5.75,-1.02,22.9838552031638,0,0
8.1,ego_vehicle,7.62,2.9,184.89,1.6,non_ego_flow.1,5.55,-2.01,22.43934268199495,0,0
8.2,ego_vehicle,7.94,3.2,184.09,1.6,non_ego_flow.1,5.319999999999999,-2.3600000000000003,21.91488991530645,0,0
8.3,ego_vehicle,8.29,3.5,183.26,1.6,non_ego_flow.1,5.030000000000001,-2.83,21.420373479470435,0,0
8.4,ego_vehicle,8.67,3.8,182.4,1.6,non_ego_flow.1,4.720000000000001,-3.1599999999999997,20.94588265029668,0,0
8.5,ego_vehicle,9.08,4.1,181.49,1.6,non_ego_flow.1,4.369999999999999,-3.4799999999999995,20.511157939034053,0,0
8.6,ego_vehicle,9.52,4.4,180.54,1.6,non_ego_flow.1,3.99,-3.8300000000000005,20.116152713677646,0,0
8.7,ego_vehicle,9.99,4.7,179.54,1.6,non_ego_flow.1,3.5600000000000005,-4.25,19.77068789900849,0,0
8.8,ego_vehicle,10.46,4.65,178.49,1.6,non_ego_flow.1,3.129999999999999,-4.3100000000000005,19.464840096954294,0,0
8.9,ego_vehicle,10.79,3.34,177.41,1.6,non_ego_flow.1,2.8100000000000005,-3.1799999999999997,19.188705011021472,0,0
9.0,ego_vehicle,11.15,3.64,176.3,1.6,non_ego_flow.1,2.4499999999999993,-3.6300000000000003,18.942251714091427,0,0
9.1,ego_vehicle,11.55,3.94,175.14,1.6,non_ego_flow.1,2.039999999999999,-4.05,18.74515670780058,0,0
9.2,ego_vehicle,11.89,3.45,173.95,1.6,non_ego_flow.1,1.67,-3.75,18.577674773770813,0,0
9.3,ego_vehicle,12.04,1.49,172.75,1.6,non_ego_flow.1,1.4700000000000006,-2.05,18.429934888653303,0,0
9.4,ego_vehicle,12.22,1.79,171.53,1.6,non_ego_flow.1,1.2199999999999989,-2.49,18.31176943935239,0,0
9.5,ego_vehicle,12.36,1.4,170.29,1.6,non_ego_flow.1,0.9800000000000004,-2.4,18.213316556849286,0,0
9.6,ego_vehicle,12.47,1.1,169.04,1.6,non_ego_flow.1,0.75,-2.25,18.14440960736944,0,0
9.7,ego_vehicle,12.55,0.8,167.79,1.6,non_ego_flow.1,0.5499999999999989,-2.05,18.085353189805293,0,0
9.8,ego_vehicle,12.6,0.5,166.53,1.6,non_ego_flow.1,0.34999999999999964,-1.98,18.055827314194175,0,0
9.9,ego_vehicle,12.62,0.2,165.27,1.6,non_ego_flow.1,0.15000000000000036,-1.98,18.036144266444534,0,0
10.0,ego_vehicle,12.61,-0.1,164.01,1.6,non_ego_flow.1,-0.02999999999999936,-1.7999999999999998,18.036144266444534,0,0
10.1,ego_vehicle,12.57,-0.4,162.75,1.6,non_ego_flow.1,-0.1899999999999995,-1.58,18.055827314194175,0,0
10.2,ego_vehicle,12.5,-0.7,161.5,1.6,non_ego_flow.1,-0.33000000000000007,-1.43,18.085353189805293,0,0
10.3,ego_vehicle,12.4,-1.0,160.26,1.6,non_ego_flow.1,-0.45000000000000107,-1.2599999999999998,18.13456644091611,0,0
10.4,ego_vehicle,12.13,-2.68,159.05,1.6,non_ego_flow.1,-0.4400000000000013,0.13000000000000034,18.173940134159118,0,0
10.5,ego_vehicle,11.75,-3.8,157.87,1.6,non_ego_flow.1,-0.33999999999999986,0.98,18.213316556849286,0,0
10.6,ego_vehicle,11.26,-4.91,156.75,1.6,non_ego_flow.1,-0.09999999999999964,2.37,18.213316556849286,0,0
10.7,ego_vehicle,10.65,-6.05,155.68,1.6,non_ego_flow.1,0.2400000000000002,3.3699999999999997,18.20347219625969,0,0
10.8,ego_vehicle,9.98,-6.74,154.68,1.6,non_ego_flow.1,0.6199999999999992,3.8400000000000003,18.144409607369415,0,0
10.9,ego_vehicle,9.16,-8.22,153.77,1.6,non_ego_flow.1,1.1400000000000006,5.290000000000001,18.02630300422134,0,0
11.0,ego_vehicle,8.23,-9.24,152.94,1.6,non_ego_flow.1,1.799999999999999,6.48,17.849190457833096,0,0
11.1,ego_vehicle,7.28,-9.54,152.21,1.6,non_ego_flow.1,2.4699999999999998,6.739999999999999,17.61313146490424,0,0
11.2,ego_vehicle,6.53,-7.51,151.56,1.6,non_ego_flow.1,2.96,4.88,17.318210069172864,0,0
11.3,ego_vehicle,6.09,-4.38,150.95,1.6,non_ego_flow.1,3.1400000000000006,1.8599999999999999,17.013644524322242,0,0
11.4,ego_vehicle,5.78,-3.15,150.37,1.6,non_ego_flow.1,3.21,0.69,16.699464063256627,0,0
11.5,ego_vehicle,5.6,-1.78,149.92,1.6,non_ego_flow.1,3.1500000000000004,-0.6100000000000001,16.277641106745175,0,0
11.6,ego_vehicle,5.45,-1.48,149.37,1.6,non_ego_flow.1,3.0599999999999996,-0.9500000000000002,15.983604099201154,0,0
11.7,ego_vehicle,5.27,-1.78,148.84,1.6,non_ego_flow.1,2.99,-0.6399999999999999,15.689792860328001,0,0
11.8,ego_vehicle,5.07,-2.08,148.34,1.6,non_ego_flow.1,2.959999999999999,-0.29000000000000004,15.396220315389101,0,0
11.9,ego_vehicle,4.83,-2.38,147.85,1.6,non_ego_flow.1,2.9699999999999998,0.10000000000000009,15.112673489492199,0,0
12.0,ego_vehicle,4.8,-0.25,147.37,1.6,non_ego_flow.1,2.7700000000000005,-2.01,14.839140810707347,0,0
12.1,ego_vehicle,4.8,-0.07,146.89,1.6,non_ego_flow.1,2.5700000000000003,-1.92,14.595122472935959,0,0
12.2,ego_vehicle,4.76,-0.37,146.42,1.6,non_ego_flow.1,2.4300000000000006,-1.5099999999999998,14.351310044731118,0,0
12.3,ego_vehicle,4.69,-0.67,145.95,1.6,non_ego_flow.1,2.3099999999999996,-1.17,14.127193634972253,0,0
12.4,ego_vehicle,4.51,-1.86,145.5,1.6,non_ego_flow.1,2.3,-0.07999999999999985,13.903269399677187,0,0
12.5,ego_vehicle,4.38,-1.26,145.06,1.6,non_ego_flow.1,2.21,-0.9200000000000002,13.689269520321385,0,0
12.6,ego_vehicle,4.31,-0.66,144.63,1.6,non_ego_flow.1,2.12,-0.91,13.485177047410236,0,0
12.7,ego_vehicle,4.28,-0.36,144.2,1.6,non_ego_flow.1,2.0199999999999996,-0.9900000000000001,13.290974381135499,0,0
12.8,ego_vehicle,4.21,-0.66,143.78,1.6,non_ego_flow.1,1.9500000000000002,-0.6900000000000001,13.096946208945035,0,0
12.9,ego_vehicle,4.11,-0.96,143.37,1.6,non_ego_flow.1,1.9399999999999995,-0.15000000000000013,12.90310040261642,0,0
13.0,ego_vehicle,4.08,-0.36,142.96,1.6,non_ego_flow.1,1.8600000000000003,-0.7300000000000001,12.728801986047227,0,0
13.1,ego_vehicle,4.1,0.24,142.55,1.6,non_ego_flow.1,1.7600000000000007,-1.0699999999999998,12.554664471820809,0,0
13.2,ego_vehicle,4.09,-0.06,142.14,1.6,non_ego_flow.1,1.71,-0.52,12.390355120011721,0,0
13.3,ego_vehicle,4.06,-0.36,141.73,1.6,non_ego_flow.1,1.6900000000000004,-0.19000000000000006,12.235853055672091,0,0
13.4,ego_vehicle,3.99,-0.66,141.34,1.6,non_ego_flow.1,1.71,0.15000000000000002,12.062209581996157,0,0
13.5,ego_vehicle,3.99,-0.06,140.94,1.6,non_ego_flow.1,1.6499999999999995,-0.5,11.89838644522862,0,0
13.6,ego_vehicle,4.01,0.24,140.54,1.6,non_ego_flow.1,1.54,-1.1,11.753982303883227,0,0
13.7,ego_vehicle,4.06,0.54,140.13,1.6,non_ego_flow.1,1.4200000000000008,-1.31,11.61933302732994,0,0
13.8,ego_vehicle,4.09,0.24,139.72,1.6,non_ego_flow.1,1.2999999999999998,-1.08,11.494416035623551,0,0
13.9,ego_vehicle,4.08,-0.06,139.31,1.6,non_ego_flow.1,1.25,-0.5900000000000001,11.37920911135742,0,0
14.0,ego_vehicle,4.1,0.24,138.9,1.6,non_ego_flow.1,1.17,-0.8099999999999999,11.360017605620166,0,0
14.1,ego_vehicle,4.16,0.54,138.49,1.6,non_ego_flow.1,1.1099999999999994,-0.51,11.244927745432605,0,0
14.2,ego_vehicle,4.24,0.84,138.06,1.6,non_ego_flow.1,1.0499999999999998,-0.71,11.158678237139018,0,0
14.3,ego_vehicle,4.27,0.34,137.64,1.6,non_ego_flow.1,1.04,-0.12000000000000002,11.053343385600588,0,0
14.4,ego_vehicle,4.28,0.04,137.21,1.6,non_ego_flow.1,1.0499999999999998,0.23,10.948100291831453,0,0
14.5,ego_vehicle,4.31,0.34,136.78,1.6,non_ego_flow.1,1.0600000000000005,-0.030000000000000027,10.852506622895932,0,0
14.6,ego_vehicle,4.37,0.64,136.34,1.6,non_ego_flow.1,1.0599999999999996,-0.030000000000000027,10.74744620828594,0,0
14.7,ego_vehicle,4.47,0.94,135.89,1.6,non_ego_flow.1,1.0100000000000007,-0.41999999999999993,10.652023281987347,0,0
14.8,ego_vehicle,4.53,0.64,135.44,1.6,non_ego_flow.1,0.9899999999999993,-0.19,10.556685085764377,0,0
14.9,ego_vehicle,4.53,-0.04,134.99,1.6,non_ego_flow.1,1.04,0.48,10.461433936129387,0,0
15.0,ego_vehicle,4.55,0.26,134.53,1.6,non_ego_flow.1,1.0899999999999999,0.42000000000000004,10.356761076707325,0,0
15.1,ego_vehicle,4.58,0.27,134.07,1.6,non_ego_flow.1,1.12,0.39,10.252199763953108,0,0
15.2,ego_vehicle,4.58,-0.03,133.62,1.6,non_ego_flow.1,1.1600000000000001,0.37,10.138264151224314,0,0
15.3,ego_vehicle,4.55,-0.33,133.16,1.6,non_ego_flow.1,1.21,0.6000000000000001,10.024470060806207,0,0
15.4,ego_vehicle,4.48,-0.63,132.71,1.6,non_ego_flow.1,1.3199999999999994,0.96,9.901358492651404,0,0
15.5,ego_vehicle,4.48,-0.03,132.26,1.6,non_ego_flow.1,1.3399999999999999,0.26,9.778425231089113,0,0
15.6,ego_vehicle,4.51,0.27,131.81,1.6,non_ego_flow.1,1.3200000000000003,-0.17,9.655677086564138,0,0
15.7,ego_vehicle,4.5,-0.03,131.36,1.6,non_ego_flow.1,1.3399999999999999,0.16,9.523702011297916,0,0
15.8,ego_vehicle,4.47,-0.33,130.92,1.6,non_ego_flow.1,1.3900000000000006,0.47000000000000003,9.391959326998824,0,0
15.9,ego_vehicle,4.41,-0.63,130.48,1.6,non_ego_flow.1,1.4500000000000002,0.68,9.251075613138187,0,0
16.0,ego_vehicle,4.41,-0.03,130.03,1.6,non_ego_flow.1,1.4500000000000002,0.019999999999999997,9.119846489936103,0,0
16.1,ego_vehicle,4.43,0.27,129.59,1.6,non_ego_flow.1,1.4100000000000001,-0.47000000000000003,8.988882021697698,0,0
16.2,ego_vehicle,4.43,-0.03,129.15,1.6,non_ego_flow.1,1.3600000000000003,-0.47,8.858193946849427,0,0
16.3,ego_vehicle,4.4,-0.33,128.71,1.6,non_ego_flow.1,1.3399999999999999,-0.18,8.737099060901159,0,0
16.4,ego_vehicle,4.34,-0.63,128.27,1.6,non_ego_flow.1,1.3600000000000003,0.18,8.616263691415206,0,0
16.5,ego_vehicle,4.31,-0.29,127.84,1.6,non_ego_flow.1,1.3600000000000003,0.0,8.486436236725035,0,0
16.6,ego_vehicle,4.25,-0.59,127.42,1.6,non_ego_flow.1,1.42,0.6,8.347700282113625,0,0
16.7,ego_vehicle,4.23,-0.15,127.0,1.6,non_ego_flow.1,1.42,-0.010000000000000009,8.218570435300771,0,0
16.8,ego_vehicle,4.19,-0.45,126.58,1.6,non_ego_flow.1,1.4299999999999997,0.13,8.089802222551544,0,0
16.9,ego_vehicle,4.11,-0.75,126.17,1.6,non_ego_flow.1,1.4899999999999993,0.59,7.952257541101131,0,0
17.0,ego_vehicle,4.1,-0.15,125.76,1.6,non_ego_flow.1,1.4900000000000002,0.01999999999999999,7.815171143359544,0,0
17.1,ego_vehicle,4.11,0.15,125.34,1.6,non_ego_flow.1,1.5,0.010000000000000009,7.687658941446357,0,0
17.2,ego_vehicle,4.16,0.45,124.93,1.6,non_ego_flow.1,1.4500000000000002,-0.44,7.55152964636967,0,0
17.3,ego_vehicle,4.17,0.15,124.51,1.6,non_ego_flow.1,1.4299999999999997,-0.29000000000000004,7.4249579123386305,0,0
17.4,ego_vehicle,4.16,-0.15,124.1,1.6,non_ego_flow.1,1.4100000000000001,-0.06,7.289890259805023,0,0
17.5,ego_vehicle,4.17,0.15,123.68,1.6,non_ego_flow.1,1.3899999999999997,-0.32999999999999996,7.164363195706925,0,0
17.6,ego_vehicle,4.22,0.45,123.26,1.6,non_ego_flow.1,1.3399999999999999,-0.39,7.0482905728977885,0,0
17.7,ego_vehicle,4.24,0.2,122.83,1.6,non_ego_flow.1,1.3099999999999996,-0.29000000000000004,6.932712311931017,0,0
17.8,ego_vehicle,4.23,-0.1,122.41,1.6,non_ego_flow.1,1.3299999999999992,0.15000000000000002,6.817653555293061,0,0
17.9,ego_vehicle,4.19,-0.4,121.99,1.6,non_ego_flow.1,1.3699999999999992,0.41000000000000003,6.694355831594263,0,0
18.0,ego_vehicle,4.21,0.2,121.57,1.6,non_ego_flow.1,1.3499999999999996,-0.22,6.571727322401631,0,0
18.1,ego_vehicle,4.26,0.5,121.14,1.6,non_ego_flow.1,1.3200000000000003,-0.27,6.467178673888642,0,0
18.2,ego_vehicle,4.28,0.2,120.71,1.6,non_ego_flow.1,1.3199999999999994,-0.03,6.354533814529599,0,0
18.3,ego_vehicle,4.27,-0.1,120.29,1.6,non_ego_flow.1,1.3500000000000005,0.30000000000000004,6.225399585568776,0,0
18.4,ego_vehicle,4.23,-0.4,119.86,1.6,non_ego_flow.1,1.4099999999999993,0.61,6.114253838368173,0,0
18.5,ego_vehicle,4.25,0.2,119.44,1.6,non_ego_flow.1,1.4000000000000004,-0.11000000000000001,5.986952480185559,0,0
18.6,ego_vehicle,4.3,0.5,119.01,1.6,non_ego_flow.1,1.3399999999999999,-0.56,5.87749096128611,0,0
18.7,ego_vehicle,4.33,0.24,118.58,1.6,non_ego_flow.1,1.2999999999999998,-0.42,5.768882040742381,0,0
18.8,ego_vehicle,4.32,-0.06,118.14,1.6,non_ego_flow.1,1.2999999999999998,-0.010000000000000009,5.669426778784601,0,0
18.9,ego_vehicle,4.28,-0.36,117.72,1.6,non_ego_flow.1,1.3199999999999994,0.21,5.546250986026508,0,0
19.0,ego_vehicle,4.31,0.24,117.28,1.6,non_ego_flow.1,1.2800000000000002,-0.4,5.4567756046955065,0,0
19.1,ego_vehicle,4.36,0.54,116.85,1.6,non_ego_flow.1,1.2399999999999993,-0.4,5.3520183108804895,0,0
19.2,ego_vehicle,4.45,0.84,116.4,1.6,non_ego_flow.1,1.2000000000000002,-0.39999999999999997,5.256320005479108,0,0
19.3,ego_vehicle,4.48,0.35,115.96,1.6,non_ego_flow.1,1.2299999999999995,0.25,5.153794718457464,0,0
19.4,ego_vehicle,4.48,-0.05,115.51,1.6,non_ego_flow.1,1.2799999999999994,0.63,5.052534017698443,0,0
19.5,ego_vehicle,4.5,0.25,115.06,1.6,non_ego_flow.1,1.33,0.42000000000000004,4.952615470637712,0,0
19.6,ego_vehicle,4.56,0.55,114.6,1.6,non_ego_flow.1,1.3100000000000005,-0.17000000000000004,4.854121959736903,0,0
19.7,ego_vehicle,4.64,0.85,114.14,1.6,non_ego_flow.1,1.2400000000000002,-0.74,4.76454614837552,0,0
19.8,ego_vehicle,4.74,1.02,113.66,1.6,non_ego_flow.1,1.17,-0.72,4.6763340342623065,0,0
19.9,ego_vehicle,4.74,-0.05,113.19,1.6,non_ego_flow.1,1.1899999999999995,0.26,4.589564249468574,0,0
20.0,ego_vehicle,4.76,0.25,112.71,1.6,non_ego_flow.1,1.21,0.12,4.50432014847968,0,0
20.1,ego_vehicle,4.82,0.55,112.23,1.6,non_ego_flow.1,1.13,-0.75,4.4275952841243305,0,0
20.2,ego_vehicle,4.9,0.85,111.74,1.6,non_ego_flow.1,1.0499999999999998,-0.89,4.352298243457129,0,0
20.3,ego_vehicle,5.02,1.15,111.24,1.6,non_ego_flow.1,0.9200000000000008,-1.19,4.291806146600752,0,0
20.4,ego_vehicle,5.0,-0.2,110.74,1.6,non_ego_flow.1,0.9299999999999997,0.04000000000000001,4.2323634059470905,0,0
20.5,ego_vehicle,5.01,0.1,110.24,1.6,non_ego_flow.1,0.9199999999999999,-0.05,4.167601228524631,0,0
20.6,ego_vehicle,5.05,0.4,109.73,1.6,non_ego_flow.1,0.8700000000000001,-0.48000000000000004,4.11680701515142,0,0
20.7,ego_vehicle,5.12,0.7,109.22,1.6,non_ego_flow.1,0.8200000000000003,-0.5599999999999999,4.066952175769962,0,0
20.8,ego_vehicle,5.15,0.3,108.71,1.6,non_ego_flow.1,0.8300000000000001,0.10999999999999999,4.012031904160286,0,0
20.9,ego_vehicle,5.07,-0.73,108.2,1.6,non_ego_flow.1,0.9399999999999995,1.0,3.9583961398526033,0,0
21.0,ego_vehicle,5.06,-0.13,107.7,1.6,non_ego_flow.1,0.9700000000000006,0.37,3.9003717771515083,0,0
21.1,ego_vehicle,5.08,0.17,107.19,1.6,non_ego_flow.1,0.9399999999999995,-0.24000000000000002,3.8440733603821844,0,0
21.2,ego_vehicle,5.12,0.47,106.68,1.6,non_ego_flow.1,0.8999999999999995,-0.49,3.7949440048569842,0,0
21.3,ego_vehicle,5.14,0.17,106.16,1.6,non_ego_flow.1,0.8700000000000001,-0.23,3.752545802518609,0,0
21.4,ego_vehicle,5.06,-0.85,105.66,1.6,non_ego_flow.1,0.9400000000000004,0.69,3.7012970699472363,0,0
21.5,ego_vehicle,5.03,-0.25,105.15,1.6,non_ego_flow.1,0.9500000000000002,0.07999999999999999,3.6568975922221263,0,0
21.6,ego_vehicle,5.04,0.05,104.65,1.6,non_ego_flow.1,0.9100000000000001,-0.36,3.614194239384482,0,0
21.7,ego_vehicle,5.06,0.21,104.14,1.6,non_ego_flow.1,0.8500000000000005,-0.65,3.5777087639996608,0,0
21.8,ego_vehicle,5.05,-0.09,103.64,1.6,non_ego_flow.1,0.8399999999999999,-0.11000000000000001,3.5383753333980854,0,0
21.9,ego_vehicle,4.96,-0.84,103.14,1.6,non_ego_flow.1,0.9100000000000001,0.6599999999999999,3.500914166328561,0,0
22.0,ego_vehicle,4.94,-0.24,102.65,1.6,non_ego_flow.1,0.8999999999999995,-0.010000000000000009,3.465385981387931,0,0
22.1,ego_vehicle,4.95,0.06,102.15,1.6,non_ego_flow.1,0.8499999999999996,-0.48,3.4354766772603766,0,0
22.2,ego_vehicle,4.92,-0.24,101.66,1.6,non_ego_flow.1,0.8100000000000005,-0.43000000000000005,3.407183587657114,0,0
22.3,ego_vehicle,4.87,-0.54,101.17,1.6,non_ego_flow.1,0.8399999999999999,0.29000000000000004,3.3773362284498702,0,0
22.4,ego_vehicle,4.78,-0.84,100.7,1.6,non_ego_flow.1,0.9199999999999999,0.76,3.346699867033195,0,0
22.5,ego_vehicle,4.76,-0.24,100.22,1.6,non_ego_flow.1,0.9400000000000004,0.26,3.3214605221197497,0,0
22.6,ego_vehicle,4.76,0.06,99.74,1.6,non_ego_flow.1,0.9500000000000002,0.0,3.2984845004941308,0,0
22.7,ego_vehicle,4.8,0.36,99.26,1.6,non_ego_flow.1,0.9100000000000001,-0.32,3.2778193970992344,0,0
22.8,ego_vehicle,4.86,0.66,98.78,1.6,non_ego_flow.1,0.8399999999999999,-0.77,3.2595091655032977,0,0
22.9,ego_vehicle,4.93,0.67,98.29,1.6,non_ego_flow.1,0.7300000000000004,-1.05,3.246921619010843,0,0
23.0,ego_vehicle,5.03,0.97,97.78,1.6,non_ego_flow.1,0.5999999999999996,-1.3399999999999999,3.2372982562624646,0,0
23.1,ego_vehicle,5.15,1.27,97.27,1.6,non_ego_flow.1,0.4499999999999993,-1.49,3.2301083573155864,0,0
23.2,ego_vehicle,5.3,1.45,96.74,1.6,non_ego_flow.1,0.28000000000000025,-1.69,3.2261587065735013,0,0
23.3,ego_vehicle,5.35,0.49,96.2,1.6,non_ego_flow.1,0.20999999999999996,-0.71,3.2249030993194183,0,0
23.4,ego_vehicle,5.27,-0.79,95.68,1.6,non_ego_flow.1,0.27000000000000046,0.6100000000000001,3.220186330012597,0,0
23.5,ego_vehicle,5.25,-0.19,95.15,1.6,non_ego_flow.1,0.29000000000000004,0.16,3.2180118085550884,0,0
23.6,ego_vehicle,5.26,0.11,94.62,1.6,non_ego_flow.1,0.2999999999999998,0.14,3.2149805598168086,0,0
23.7,ego_vehicle,5.3,0.41,94.09,1.6,non_ego_flow.1,0.2599999999999998,-0.45999999999999996,3.2131137546000446,0,0
23.8,ego_vehicle,5.31,0.1,93.56,1.6,non_ego_flow.1,0.20999999999999996,-0.44999999999999996,3.2113704239779,0,0
23.9,ego_vehicle,5.23,-0.87,93.04,1.6,non_ego_flow.1,0.23999999999999932,0.4,3.208987379221052,0,0
24.0,ego_vehicle,5.2,-0.27,92.52,1.6,non_ego_flow.1,0.22999999999999954,-0.14999999999999997,3.207553584899245,0,0
24.1,ego_vehicle,5.2,0.03,92.0,1.6,non_ego_flow.1,0.21999999999999975,-0.18,3.2062439083762793,0,0
24.2,ego_vehicle,5.21,0.07,91.48,1.6,non_ego_flow.1,0.16999999999999993,-0.48,3.2050585018061675,0,0
24.3,ego_vehicle,5.19,-0.23,90.96,1.6,non_ego_flow.1,0.13999999999999968,-0.22,3.203997503120126,0,0
24.4,ego_vehicle,5.1,-0.87,90.45,1.6,non_ego_flow.1,0.15000000000000036,0.12,3.203513695928269,0,0
24.5,ego_vehicle,5.07,-0.27,89.94,1.6,non_ego_flow.1,0.10999999999999943,-0.43999999999999995,3.203061035946708,0,0
24.6,ego_vehicle,5.07,0.03,89.44,1.6,non_ego_flow.1,0.09999999999999964,-0.14,3.2022492095400694,0,0
24.7,ego_vehicle,5.05,-0.27,88.93,1.6,non_ego_flow.1,0.10000000000000053,0.08000000000000002,3.202249209540069,0,0
24.8,ego_vehicle,4.99,-0.57,88.43,1.6,non_ego_flow.1,0.1299999999999999,0.25999999999999995,3.2018900668199084,0,0
24.9,ego_vehicle,4.9,-0.87,87.94,1.6,non_ego_flow.1,0.17999999999999972,0.48,3.2012653748166517,0,0
25.0,ego_vehicle,4.88,-0.27,87.45,1.6,non_ego_flow.1,0.13999999999999968,-0.41999999999999993,3.2009998437988085,0,0
25.1,ego_vehicle,4.88,0.03,86.97,1.6,non_ego_flow.1,0.1299999999999999,-0.12,3.2003906011610517,0,0
25.2,ego_vehicle,4.91,0.33,86.48,1.6,non_ego_flow.1,0.1200000000000001,-0.12000000000000002,3.200249990235138,0,0
25.3,ego_vehicle,4.97,0.63,85.98,1.6,non_ego_flow.1,0.08999999999999986,-0.36,3.200249990235138,0,0
25.4,ego_vehicle,4.9,-0.77,85.49,1.6,non_ego_flow.1,0.15999999999999925,0.8200000000000001,3.2000624993896603,0,0
25.5,ego_vehicle,4.88,-0.17,85.0,1.6,non_ego_flow.1,0.16999999999999993,0.03,3.200015624961853,0,0
25.6,ego_vehicle,4.89,0.13,84.51,1.6,non_ego_flow.1,0.16999999999999993,0.03,3.200015624961853,0,0
25.7,ego_vehicle,4.87,-0.17,84.02,1.6,non_ego_flow.1,0.2400000000000002,0.63,3.2001406219102306,0,0
25.8,ego_vehicle,4.83,-0.47,83.54,1.6,non_ego_flow.1,0.3200000000000003,0.85,3.2007655334310257,0,0
25.9,ego_vehicle,4.75,-0.77,83.07,1.6,non_ego_flow.1,0.41999999999999993,0.96,3.2018900668199084,0,0
26.0,ego_vehicle,4.73,-0.17,82.59,1.6,non_ego_flow.1,0.4399999999999995,0.24000000000000002,3.2035136959282693,0,0
26.1,ego_vehicle,4.75,0.13,82.12,1.6,non_ego_flow.1,0.45999999999999996,0.24,3.2062439083762793,0,0
26.2,ego_vehicle,4.75,0.04,81.64,1.6,non_ego_flow.1,0.5199999999999996,0.5499999999999999,3.2097507691408063,0,0
26.3,ego_vehicle,4.72,-0.26,81.17,1.6,non_ego_flow.1,0.6299999999999999,1.05,3.2149805598168086,0,0
26.4,ego_vehicle,4.66,-0.66,80.71,1.6,non_ego_flow.1,0.7699999999999996,1.4700000000000002,3.2249030993194183,0,0
26.5,ego_vehicle,4.65,-0.06,80.24,1.6,non_ego_flow.1,0.8699999999999992,0.94,3.2357997465850676,0,0
26.6,ego_vehicle,4.68,0.24,79.77,1.6,non_ego_flow.1,0.9300000000000006,0.6900000000000001,3.2503692097975563,0,0
26.7,ego_vehicle,4.73,0.54,79.3,1.6,non_ego_flow.1,0.9399999999999995,0.039999999999999925,3.2673536692559,0,0
26.8,ego_vehicle,4.75,0.24,78.82,1.6,non_ego_flow.1,0.9699999999999998,0.31000000000000005,3.289012009707472,0,0
26.9,ego_vehicle,4.7,-0.57,78.35,1.6,non_ego_flow.1,1.0599999999999996,0.9299999999999999,3.3135479474424385,0,0
27.0,ego_vehicle,4.7,0.03,77.88,1.6,non_ego_flow.1,1.0899999999999999,0.29000000000000004,3.343785280187709,0,0
27.1,ego_vehicle,4.73,0.33,77.41,1.6,non_ego_flow.1,1.0999999999999996,0.03999999999999998,3.3773362284498702,0,0
27.2,ego_vehicle,4.79,0.53,76.93,1.6,non_ego_flow.1,1.08,-0.09000000000000002,3.414103103305468,0,0
27.3,ego_vehicle,4.81,0.23,76.45,1.6,non_ego_flow.1,1.12,0.4,3.4539832078341073,0,0
27.4,ego_vehicle,4.75,-0.61,75.98,1.6,non_ego_flow.1,1.2699999999999996,1.46,3.509073951913808,0,0
27.5,ego_vehicle,4.75,-0.01,75.5,1.6,non_ego_flow.1,1.33,0.58,3.560000000000001,0,0
27.6,ego_vehicle,4.78,0.29,75.02,1.6,non_ego_flow.1,1.3199999999999994,-0.06999999999999998,3.6188534095760208,0,0
27.7,ego_vehicle,4.83,0.59,74.54,1.6,non_ego_flow.1,1.3099999999999996,-0.19999999999999996,3.68631252066344,0,0
27.8,ego_vehicle,4.85,0.11,74.06,1.6,non_ego_flow.1,1.3200000000000003,0.25,3.757778599119431,0,0
27.9,ego_vehicle,4.78,-0.66,73.58,1.6,non_ego_flow.1,1.42,0.93,3.8330275240337106,0,0
28.0,ego_vehicle,4.77,-0.06,73.1,1.6,non_ego_flow.1,1.4800000000000004,0.56,3.9118409988137297,0,0
28.1,ego_vehicle,4.8,0.24,72.62,1.6,non_ego_flow.1,1.4400000000000004,-0.37,3.9940080120099912,0,0
28.2,ego_vehicle,4.85,0.54,72.14,1.6,non_ego_flow.1,1.3900000000000006,-0.48000000000000004,4.085535460622026,0,0
28.3,ego_vehicle,4.88,0.24,71.65,1.6,non_ego_flow.1,1.38,-0.07999999999999999,4.174014853830785,0,0
28.4,ego_vehicle,4.81,-0.69,71.17,1.6,non_ego_flow.1,1.4500000000000002,0.69,4.2652549747934225,0,0
28.5,ego_vehicle,4.8,-0.09,70.69,1.6,non_ego_flow.1,1.4800000000000004,0.3,4.365879063831245,0,0
28.6,ego_vehicle,4.82,0.21,70.21,1.6,non_ego_flow.1,1.4299999999999997,-0.55,4.462297614458273,0,0
28.7,ego_vehicle,4.87,0.51,69.72,1.6,non_ego_flow.1,1.33,-0.9299999999999999,4.553855509345896,0,0
28.8,ego_vehicle,4.89,0.21,69.23,1.6,non_ego_flow.1,1.2600000000000007,-0.7999999999999999,4.647246496582684,0,0
28.9,ego_vehicle,4.87,-0.24,68.74,1.6,non_ego_flow.1,1.21,-0.43000000000000005,4.734986800403984,0,0
29.0,ego_vehicle,4.87,0.06,68.25,1.6,non_ego_flow.1,1.1600000000000001,-0.51,4.816637831516914,0,0
29.1,ego_vehicle,4.91,0.36,67.76,1.6,non_ego_flow.1,1.0899999999999999,-0.6499999999999999,4.89939792219412,0,0
29.2,ego_vehicle,4.98,0.66,67.27,1.6,non_ego_flow.1,1.0,-0.93,4.983211815686741,0,0
29.3,ego_vehicle,5.05,0.75,66.76,1.6,non_ego_flow.1,0.9000000000000004,-0.99,5.044799302251779,0,0
29.4,ego_vehicle,4.98,-0.75,66.26,1.6,non_ego_flow.1,0.96,0.61,5.1224993899462845,0,0
29.5,ego_vehicle,4.96,-0.15,65.77,1.6,non_ego_flow.1,0.9699999999999998,0.09,5.200961449578332,0,0
29.6,ego_vehicle,4.98,0.15,65.27,1.6,non_ego_flow.1,0.9299999999999997,-0.35,5.272200679033375,0,0
29.7,ego_vehicle,5.02,0.45,64.77,1.6,non_ego_flow.1,0.9000000000000004,-0.38,5.344005988020593,0,0
29.8,ego_vehicle,5.1,0.75,64.26,1.6,non_ego_flow.1,0.8200000000000003,-0.72,5.416354862820571,0,0
29.9,ego_vehicle,5.11,0.16,63.75,1.6,non_ego_flow.1,0.8399999999999999,0.06,5.481103903412161,0,0
30.0,ego_vehicle,5.16,0.46,63.23,1.6,non_ego_flow.1,0.7999999999999998,-0.29000000000000004,5.546250986026502,0,0
30.1,ego_vehicle,5.23,0.76,62.71,1.6,non_ego_flow.1,0.75,-0.6,5.611782248091955,0,0
30.2,ego_vehicle,5.34,1.06,62.17,1.6,non_ego_flow.1,0.6600000000000001,-0.8600000000000001,5.661174789741085,0,0
30.3,ego_vehicle,5.47,1.36,61.63,1.6,non_ego_flow.1,0.5600000000000005,-1.06,5.710770525944817,0,0
30.4,ego_vehicle,5.61,1.33,61.07,1.6,non_ego_flow.1,0.4299999999999997,-1.1800000000000002,5.743944637616211,0,0
30.5,ego_vehicle,5.77,1.63,60.49,1.6,non_ego_flow.1,0.28000000000000025,-1.5499999999999998,5.768882040742387,0,0
30.6,ego_vehicle,5.96,1.93,59.89,1.6,non_ego_flow.1,0.05999999999999961,-2.29,5.768882040742381,0,0
30.7,ego_vehicle,6.19,2.23,59.27,1.6,non_ego_flow.1,-0.16000000000000014,-2.12,5.752251733017254,0,0
30.8,ego_vehicle,6.44,2.53,58.63,1.6,non_ego_flow.1,-0.39000000000000057,-2.28,5.7273466806192195,0,0
30.9,ego_vehicle,6.72,2.83,57.96,1.6,non_ego_flow.1,-0.6299999999999999,-2.47,5.677684387142348,0,0
31.0,ego_vehicle,6.98,2.56,57.26,1.6,non_ego_flow.1,-0.8600000000000003,-2.2800000000000002,5.603570290448761,0,0
31.1,ego_vehicle,6.87,-1.06,56.57,1.6,non_ego_flow.1,-0.7700000000000005,0.93,5.538086312075682,0,0
31.2,ego_vehicle,6.86,-0.18,55.89,1.6,non_ego_flow.1,-0.7700000000000005,0.01999999999999999,5.481103903412161,0,0
31.3,ego_vehicle,6.87,0.11,55.2,1.6,non_ego_flow.1,-0.79,-0.24,5.416354862820571,0,0
31.4,ego_vehicle,6.87,0.04,54.51,1.6,non_ego_flow.1,-0.7999999999999998,-0.14,5.344005988020598,0,0
31.5,ego_vehicle,6.9,0.34,53.82,1.6,non_ego_flow.1,-0.8400000000000007,-0.43000000000000005,5.2009614495783385,0,0
31.6,ego_vehicle,6.97,0.64,53.13,1.6,non_ego_flow.1,-0.9500000000000002,-1.0,5.130311881357706,0,0
31.7,ego_vehicle,7.06,0.94,52.42,1.6,non_ego_flow.1,-1.0199999999999996,-0.71,5.044799302251774,0,0
31.8,ego_vehicle,7.19,1.24,51.7,1.6,non_ego_flow.1,-1.1000000000000005,-0.71,4.96025200972693,0,0
31.9,ego_vehicle,7.31,1.21,50.97,1.6,non_ego_flow.1,-1.13,-0.38,4.8767202093210145,0,0
32.0,ego_vehicle,7.46,1.51,50.22,1.6,non_ego_flow.1,-1.17,-0.3800000000000001,4.7868152251784295,0,0
32.1,ego_vehicle,7.17,-2.9,49.61,1.6,non_ego_flow.1,-0.7800000000000002,3.91,4.809168327268237,0,0
32.2,ego_vehicle,6.92,-2.46,48.92,1.6,non_ego_flow.1,-0.41999999999999993,3.58,4.779382805342133,0,0
32.3,ego_vehicle,6.76,-1.62,48.24,1.6,non_ego_flow.1,-0.1299999999999999,2.85,4.76454614837552,0,0
32.4,ego_vehicle,6.66,-1.02,47.57,1.6,non_ego_flow.1,0.10999999999999943,2.4699999999999998,4.771959765127949,0,0
32.5,ego_vehicle,6.62,-0.42,46.91,1.6,non_ego_flow.1,0.2999999999999998,1.94,4.794256981013841,0,0
32.6,ego_vehicle,6.63,0.18,46.25,1.6,non_ego_flow.1,0.4299999999999997,1.1900000000000002,4.831604288432568,0,0
32.7,ego_vehicle,6.68,0.48,45.58,1.6,non_ego_flow.1,0.5200000000000005,0.9199999999999999,4.869178575488889,0,0
32.8,ego_vehicle,6.76,0.78,44.9,1.6,non_ego_flow.1,0.5800000000000001,0.6099999999999999,4.906974628016736,0,0
32.9,ego_vehicle,6.87,1.08,44.22,1.6,non_ego_flow.1,0.6100000000000003,0.31999999999999984,4.960252009726925,0,0
33.0,ego_vehicle,7.01,1.38,43.52,1.6,non_ego_flow.1,0.6000000000000005,-0.029999999999999805,5.006246098625197,0,0
33.1,ego_vehicle,7.17,1.68,42.8,1.6,non_ego_flow.1,0.5600000000000005,-0.48,5.044799302251774,0,0
33.2,ego_vehicle,7.37,1.98,42.06,1.6,non_ego_flow.1,0.4900000000000002,-0.74,5.083551907869145,0,0
33.3,ego_vehicle,7.6,2.28,41.3,1.6,non_ego_flow.1,0.3700000000000001,-1.1899999999999997,5.11469451678201,0,0
33.4,ego_vehicle,7.86,2.58,40.52,1.6,non_ego_flow.1,0.20999999999999996,-1.57,5.130311881357706,0,0
33.5,ego_vehicle,8.14,2.88,39.7,1.6,non_ego_flow.1,0.019999999999999574,-1.94,5.130311881357706,0,0
33.6,ego_vehicle,8.4,2.54,38.86,1.6,non_ego_flow.1,-0.17999999999999972,-1.92,5.1146945167820155,0,0
33.7,ego_vehicle,8.56,1.59,38.01,1.6,non_ego_flow.1,-0.2900000000000009,-1.1500000000000001,5.0991077650898875,0,0
33.8,ego_vehicle,8.75,1.89,37.13,1.6,non_ego_flow.1,-0.4499999999999993,-1.5299999999999998,5.060276672277912,0,0
33.9,ego_vehicle,8.97,2.19,36.24,1.6,non_ego_flow.1,-0.6400000000000006,-1.97,5.0139405660617875,0,0
34.0,ego_vehicle,9.07,1.09,35.33,1.6,non_ego_flow.1,-0.7599999999999998,-1.2200000000000002,4.952615470637709,0,0
34.1,ego_vehicle,9.21,1.39,34.41,1.6,non_ego_flow.1,-0.9400000000000013,-1.7999999999999998,4.884270672270322,0,0
34.2,ego_vehicle,9.38,1.69,33.47,1.6,non_ego_flow.1,-1.17,-2.3,4.794256981013846,0,0
34.3,ego_vehicle,9.58,1.99,32.51,1.6,non_ego_flow.1,-1.4499999999999993,-2.77,4.683631070013947,0,0
34.4,ego_vehicle,9.61,0.3,31.55,1.6,non_ego_flow.1,-1.58,-1.29,4.575248627123995,0,0
34.5,ego_vehicle,9.56,-0.52,30.59,1.6,non_ego_flow.1,-1.6600000000000001,-0.78,4.455333881989094,0,0
34.6,ego_vehicle,9.57,0.08,29.64,1.6,non_ego_flow.1,-1.8200000000000003,-1.58,4.332020313895124,0,0
34.7,ego_vehicle,9.54,-0.28,28.68,1.6,non_ego_flow.1,-1.959999999999999,-1.49,4.199809519490139,0,0
34.8,ego_vehicle,9.51,-0.28,27.73,1.6,non_ego_flow.1,-2.1099999999999994,-1.51,4.066952175769959,0,0
34.9,ego_vehicle,9.37,-1.37,26.79,1.6,non_ego_flow.1,-2.169999999999999,-0.5999999999999999,3.9349841168675628,0,0
35.0,ego_vehicle,9.21,-1.67,25.87,1.6,non_ego_flow.1,-2.2200000000000006,-0.43999999999999995,3.811154680670938,0,0
35.1,ego_vehicle,9.01,-1.97,24.97,1.6,non_ego_flow.1,-2.2299999999999995,-0.1399999999999999,3.6962819156552427,0,0
35.2,ego_vehicle,8.82,-1.91,24.09,1.6,non_ego_flow.1,-2.2800000000000002,-0.4800000000000002,3.5866976454672064,0,0
35.3,ego_vehicle,8.77,-0.48,23.21,1.6,non_ego_flow.1,-2.4799999999999995,-2.06,3.4809337827657685,0,0
35.4,ego_vehicle,8.69,-0.78,22.34,1.6,non_ego_flow.1,-2.67,-1.9200000000000002,3.383784863137726,0,0
35.5,ego_vehicle,8.61,-0.8,21.48,1.6,non_ego_flow.1,-2.869999999999999,-1.99,3.300924113032591,0,0
35.6,ego_vehicle,8.5,-1.1,20.63,1.6,non_ego_flow.1,-3.0300000000000002,-1.54,3.240385779502187,0,0
35.7,ego_vehicle,8.44,-0.65,19.79,1.6,non_ego_flow.1,-3.2299999999999995,-1.9300000000000002,3.2056356623920936,0,0
35.8,ego_vehicle,8.41,-0.3,18.95,1.6,non_ego_flow.1,-3.4699999999999998,-2.4200000000000004,3.2035136959282693,0,0
35.9,ego_vehicle,8.41,0.0,18.11,1.6,non_ego_flow.1,-3.74,-2.73,3.243593686021725,0,0
36.0,ego_vehicle,8.44,0.3,17.26,1.6,non_ego_flow.1,-4.029999999999999,-2.8699999999999997,3.335206140555632,0,0
36.1,ego_vehicle,8.44,0.0,16.42,1.6,non_ego_flow.1,-4.27,-2.38,3.4770102099361164,0,0
36.2,ego_vehicle,8.31,-1.34,15.59,1.6,non_ego_flow.1,-4.36,-0.9000000000000001,3.6666196966688536,0,0
36.3,ego_vehicle,8.06,-2.49,14.78,1.6,non_ego_flow.1,-4.33,0.28000000000000025,3.9003717771515074,0,0
36.4,ego_vehicle,7.64,-4.18,14.02,1.6,non_ego_flow.1,-4.13,2.03,4.148445491988536,0,0
36.5,ego_vehicle,6.97,-6.73,13.32,1.6,non_ego_flow.1,-3.65,4.78,4.393187908569355,0,0
36.6,ego_vehicle,6.06,-9.06,12.72,1.6,non_ego_flow.1,-2.9199999999999995,7.300000000000001,4.5895642494685704,0,0
36.7,ego_vehicle,5.08,-9.83,12.21,1.6,non_ego_flow.1,-2.12,8.03,4.749747361702514,0,0
36.8,ego_vehicle,4.02,-10.53,11.81,1.6,non_ego_flow.1,-1.2399999999999998,8.75,4.839101156206594,0,0
36.9,ego_vehicle,2.92,-11.0,11.51,1.6,non_ego_flow.1,-0.2999999999999998,9.370000000000001,4.869178575488888,0,0
37.0,ego_vehicle,1.82,-11.0,11.33,1.6,non_ego_flow.1,0.6399999999999999,9.43,4.816637831516918,0,0
37.1,ego_vehicle,1.44,-3.89,11.19,1.6,non_ego_flow.1,0.8700000000000001,2.38,4.749747361702514,0,0
37.2,ego_vehicle,1.13,-3.06,11.07,1.6,non_ego_flow.1,1.04,1.61,4.676334034262308,0,0
37.3,ego_vehicle,0.87,-2.55,10.99,1.6,non_ego_flow.1,1.1599999999999997,1.17,4.58956424946857,0,0
37.4,ego_vehicle,0.68,-1.94,10.92,1.6,non_ego_flow.1,1.2199999999999998,0.6299999999999999,4.504320148479679,0,0
37.5,ego_vehicle,0.53,-1.52,10.87,1.6,non_ego_flow.1,1.24,0.28,4.4137965517227915,0,0
37.6,ego_vehicle,0.41,-1.23,10.83,1.6,non_ego_flow.1,1.25,0.06000000000000005,4.332020313895122,0,0
37.7,ego_vehicle,0.3,-1.02,10.79,1.6,non_ego_flow.1,1.25,-0.08000000000000007,4.25205832509386,0,0
37.8,ego_vehicle,0.22,-0.86,10.77,1.6,non_ego_flow.1,1.22,-0.17000000000000004,4.174014853830781,0,0
37.9,ego_vehicle,0.14,-0.74,10.76,1.6,non_ego_flow.1,1.21,-0.22999999999999998,4.091760012512953,0,0
38.0,ego_vehicle,0.08,-0.65,10.75,1.6,non_ego_flow.1,1.18,-0.26,4.024127234569006,0,0
38.1,ego_vehicle,0.02,-0.57,10.75,1.6,non_ego_flow.1,1.15,-0.28,3.9525181846514,0,0
38.2,ego_vehicle,0.0,-0.21,10.75,1.6,non_ego_flow.1,1.09,-0.5900000000000001,3.888971586422303,0,0
38.3,ego_vehicle,0.0,0.0,10.75,1.6,non_ego_flow.1,1.02,-0.75,3.8330275240337106,0,0
38.4,ego_vehicle,0.0,0.0,10.75,1.6,non_ego_flow.1,0.95,-0.7,3.778901956918173,0,0
38.5,ego_vehicle,0.0,0.0,10.75,1.6,non_ego_flow.1,0.88,-0.65,3.731809212700992,0,0
38.6,ego_vehicle,0.0,0.0,10.75,1.6,non_ego_flow.1,0.82,-0.6,3.6912870384189844,0,0
38.7,ego_vehicle,0.0,0.0,10.75,1.6,non_ego_flow.1,0.77,-0.56,3.656897592222128,0,0
38.8,ego_vehicle,0.0,0.0,10.75,1.6,non_ego_flow.1,0.71,-0.52,3.6188534095760216,0,0
38.9,ego_vehicle,0.0,0.0,10.75,1.6,non_ego_flow.1,0.67,-0.49,3.5912254175977316,0,0
39.0,ego_vehicle,0.0,0.0,10.75,1.6,non_ego_flow.1,0.62,-0.45,3.564393356519451,0,0
39.1,ego_vehicle,0.0,0.0,10.75,1.6,non_ego_flow.1,0.58,-0.42,3.538375333398083,0,0
39.2,ego_vehicle,0.0,0.0,10.75,1.6,non_ego_flow.1,0.54,-0.39,3.513189434118234,0,0
39.3,ego_vehicle,0.0,0.0,10.75,1.6,non_ego_flow.1,0.5,-0.36,3.492849839314596,0,0
39.4,ego_vehicle,0.0,0.0,10.75,1.6,non_ego_flow.1,0.47,-0.34,3.4770102099361164,0,0
39.5,ego_vehicle,0.0,0.0,10.75,1.6,non_ego_flow.1,0.44,-0.32,3.457759390125345,0,0
39.6,ego_vehicle,0.0,0.0,10.75,1.6,non_ego_flow.1,0.41,-0.29,3.4428040896920056,0,0
39.7,ego_vehicle,0.0,0.0,10.75,1.6,non_ego_flow.1,0.38,-0.27,3.4282502825785635,0,0
39.8,ego_vehicle,0.0,0.0,10.75,1.6,non_ego_flow.1,0.35,-0.26,3.417601498127012,0,0
39.9,ego_vehicle,0.0,0.0,10.75,1.6,non_ego_flow.1,0.33,-0.24,3.4071835876571135,0,0
40.0,ego_vehicle,0.0,0.0,10.75,1.6,non_ego_flow.1,0.31,-0.22,3.39365584583941,0,0
40.1,ego_vehicle,0.0,0.0,10.75,1.6,non_ego_flow.1,0.29,-0.21,3.3870488629483924,0,0
40.2,ego_vehicle,0.0,0.0,10.75,1.6,non_ego_flow.1,0.27,-0.19,3.3773362284498707,0,0
40.3,ego_vehicle,0.0,0.0,10.75,1.6,non_ego_flow.1,0.25,-0.18,3.3678628238097823,0,0
40.4,ego_vehicle,0.0,0.0,10.75,1.6,non_ego_flow.1,0.23,-0.17,3.3616811270553306,0,0
40.5,ego_vehicle,0.0,0.0,10.75,1.6,non_ego_flow.1,0.22,-0.16,3.3556072475782974,0,0
40.6,ego_vehicle,0.0,0.0,10.75,1.6,non_ego_flow.1,0.2,-0.15,3.3496417718914357,0,0
40.7,ego_vehicle,0.0,0.0,10.75,1.6,non_ego_flow.1,0.19,-0.14,3.3437852801877095,0,0
40.8,ego_vehicle,0.0,0.0,10.75,1.6,non_ego_flow.1,0.18,-0.13,3.338038346094903,0,0
40.9,ego_vehicle,0.0,0.0,10.75,1.6,non_ego_flow.1,0.17,-0.12,3.332401536429846,0,0
41.0,ego_vehicle,0.0,0.0,10.75,1.6,non_ego_flow.1,0.15,-0.11,3.329624603465081,0,0
41.1,ego_vehicle,0.0,0.0,10.75,1.6,non_ego_flow.1,0.14,-0.1,3.324154027718932,0,0
41.2,ego_vehicle,0.0,0.0,10.75,1.6,non_ego_flow.1,0.14,-0.1,3.3214605221197497,0,0
41.3,ego_vehicle,0.0,0.0,10.75,1.6,non_ego_flow.1,0.13,-0.09,3.3187949620306463,0,0
41.4,ego_vehicle,0.0,0.0,10.75,1.6,non_ego_flow.1,0.12,-0.08,3.316157414840254,0,0
41.5,ego_vehicle,0.0,0.0,10.75,1.6,non_ego_flow.1,0.11,-0.08,3.3135479474424385,0,0
41.6,ego_vehicle,0.0,0.0,10.75,1.6,non_ego_flow.1,0.1,-0.07,3.3109666262286606,0,0
41.7,ego_vehicle,0.0,0.0,10.75,1.6,non_ego_flow.1,0.1,-0.07,3.3084135170803544,0,0
41.8,ego_vehicle,0.0,0.0,10.75,1.6,non_ego_flow.1,0.09,-0.06,3.3058886853613205,0,0
41.9,ego_vehicle,0.0,0.0,10.75,1.6,non_ego_flow.1,0.08,-0.06,3.303392195910137,0,0
42.0,ego_vehicle,0.0,0.0,10.75,1.6,non_ego_flow.1,0.08,-0.06,3.300924113032591,0,0
42.1,ego_vehicle,0.0,0.0,10.75,1.6,non_ego_flow.1,0.07,-0.05,3.298484500494128,0,0
42.2,ego_vehicle,0.0,0.0,10.75,1.6,non_ego_flow.1,0.07,-0.05,3.298484500494128,0,0
42.3,ego_vehicle,0.0,0.0,10.75,1.6,non_ego_flow.1,0.06,-0.05,3.2960734215123297,0,0
42.4,ego_vehicle,0.0,0.0,10.75,1.6,non_ego_flow.1,0.06,-0.04,3.2936909387494144,0,0
42.5,ego_vehicle,0.0,0.0,10.75,1.6,non_ego_flow.1,0.06,-0.04,3.2936909387494144,0,0
42.6,ego_vehicle,0.0,0.0,10.75,1.6,non_ego_flow.1,0.05,-0.04,3.291337114304762,0,0
42.7,ego_vehicle,0.0,0.0,10.75,1.6,non_ego_flow.1,0.05,-0.03,3.291337114304762,0,0
42.8,ego_vehicle,0.0,0.0,10.75,1.6,non_ego_flow.1,0.05,-0.03,3.2890120097074744,0,0
42.9,ego_vehicle,0.0,0.0,10.75,1.6,non_ego_flow.1,0.04,-0.03,3.2890120097074744,0,0
43.0,ego_vehicle,0.0,0.0,10.75,1.6,non_ego_flow.1,0.04,-0.03,3.2890120097074744,0,0
43.1,ego_vehicle,0.0,0.0,10.75,1.6,non_ego_flow.1,0.04,-0.03,3.286715685908959,0,0
43.2,ego_vehicle,0.0,0.0,10.75,1.6,non_ego_flow.1,0.03,-0.02,3.286715685908959,0,0
43.3,ego_vehicle,0.0,0.0,10.75,1.6,non_ego_flow.1,0.03,-0.05,3.286715685908959,0,0
43.4,ego_vehicle,0.0,0.0,10.75,1.6,non_ego_flow.1,0.02,-0.05,3.2844482032755518,0,0
43.5,ego_vehicle,0.0,0.0,10.75,1.6,non_ego_flow.1,0.02,-0.05,3.2844482032755518,0,0
43.6,ego_vehicle,0.0,0.0,10.75,1.6,non_ego_flow.1,0.01,-0.05,3.2844482032755518,0,0
43.7,ego_vehicle,0.0,0.0,10.75,1.6,non_ego_flow.1,0.01,-0.05,3.2844482032755518,0,0
43.8,ego_vehicle,0.0,0.0,10.75,1.6,non_ego_flow.1,0.0,-0.05,3.2844482032755518,0,0
43.9,ego_vehicle,0.0,0.0,10.75,1.6,non_ego_flow.1,0.0,-0.04,3.2844482032755518,0,0
44.0,ego_vehicle,0.0,0.0,10.75,1.6,non_ego_flow.1,0.0,0.0,3.2844482032755518,0,0
44.1,ego_vehicle,0.0,0.0,10.75,1.6,non_ego_flow.1,0.0,0.0,3.2844482032755518,0,0
44.2,ego_vehicle,0.0,0.0,10.75,1.6,non_ego_flow.1,0.0,0.0,3.2844482032755518,0,0
44.3,ego_vehicle,0.0,0.0,10.75,1.6,non_ego_flow.1,0.0,0.0,3.2844482032755518,0,0
44.4,ego_vehicle,0.0,0.0,10.75,1.6,non_ego_flow.1,0.0,0.0,3.2844482032755518,0,0
44.5,ego_vehicle,0.0,0.0,10.75,1.6,non_ego_flow.1,0.0,0.0,3.2844482032755518,0,0
44.6,ego_vehicle,0.0,0.0,10.75,1.6,non_ego_flow.1,0.0,0.0,3.2844482032755518,0,0
44.7,ego_vehicle,0.0,0.0,10.75,1.6,non_ego_flow.1,0.0,0.0,3.2844482032755518,0,0
44.8,ego_vehicle,0.0,0.0,10.75,1.6,non_ego_flow.1,0.0,0.0,3.2844482032755518,0,0
44.9,ego_vehicle,0.0,0.0,10.75,1.6,non_ego_flow.1,0.0,0.0,3.2844482032755518,0,0
45.0,ego_vehicle,0.0,0.0,10.75,1.6,non_ego_flow.1,0.01,0.15,3.2844482032755518,0,0
45.1,ego_vehicle,0.0,0.0,10.75,1.6,non_ego_flow.1,0.04,0.28,3.2822096215811687,0,0
45.2,ego_vehicle,0.0,0.0,10.75,1.6,non_ego_flow.1,0.09,0.49,3.28,0,0
45.3,ego_vehicle,0.03,0.33,10.75,1.6,non_ego_flow.1,0.14,0.48000000000000004,3.277819397099236,0,0
45.4,ego_vehicle,0.09,0.61,10.74,1.6,non_ego_flow.1,0.19999999999999998,0.6,3.273545478529357,0,0
45.5,ego_vehicle,0.2,1.06,10.72,1.6,non_ego_flow.1,0.26,0.5799999999999998,3.267353669255901,0,0
45.6,ego_vehicle,0.37,1.73,10.68,1.6,non_ego_flow.1,0.29000000000000004,0.27,3.2633724886993822,0,0
45.7,ego_vehicle,0.62,2.52,10.62,1.6,non_ego_flow.1,0.26,-0.27,3.257621831950418,0,0
45.8,ego_vehicle,0.98,3.6,10.52,1.6,non_ego_flow.1,0.14000000000000012,-1.19,3.255764119219941,0,0
45.9,ego_vehicle,1.42,4.34,10.38,1.6,non_ego_flow.1,-0.04999999999999982,-1.8499999999999996,3.255764119219941,0,0
46.0,ego_vehicle,1.9,4.8,10.19,1.57,non_ego_flow.1,-0.2799999999999998,-2.29,3.290866147384302,0,0
46.1,ego_vehicle,2.4,4.97,9.95,1.54,non_ego_flow.1,-0.5299999999999998,-2.4699999999999998,3.330165161069343,0,0
46.2,ego_vehicle,2.89,4.9,9.67,1.49,non_ego_flow.1,-0.77,-2.4200000000000004,3.3939063039512445,0,0
46.3,ego_vehicle,3.38,4.96,9.33,1.45,non_ego_flow.1,-1.0099999999999998,-2.4899999999999998,3.456153931757091,0,0
46.4,ego_vehicle,3.85,4.68,8.95,1.39,non_ego_flow.1,-1.2400000000000002,-2.2499999999999996,3.5452785504103907,0,0
46.5,ego_vehicle,4.24,3.91,8.53,1.33,non_ego_flow.1,-1.3900000000000001,-1.5100000000000002,3.6401785670486,0,0
46.6,ego_vehicle,4.57,3.33,8.08,1.27,non_ego_flow.1,-1.4800000000000004,-0.96,3.7447830377740177,0,0
46.7,ego_vehicle,4.71,1.38,7.61,1.2,non_ego_flow.1,-1.3599999999999999,1.2600000000000002,3.8554377183401622,0,0
46.8,ego_vehicle,4.77,0.61,7.14,1.13,non_ego_flow.1,-1.1499999999999995,2.0500000000000003,3.9609342332333672,0,0
46.9,ego_vehicle,4.06,-7.13,6.74,1.08,non_ego_flow.1,-0.1599999999999997,9.99,4.011034779205985,0,0
47.0,ego_vehicle,3.9,-1.63,6.35,1.02,non_ego_flow.1,0.30000000000000027,4.62,4.055773662323873,0,0
47.1,ego_vehicle,3.49,-4.09,6.0,0.97,non_ego_flow.1,1.0099999999999998,7.07,4.0676528858790295,0,0
47.2,ego_vehicle,2.86,-6.25,5.72,0.93,non_ego_flow.1,1.9700000000000002,9.52,4.0401113846031524,0,0
47.3,ego_vehicle,2.15,-7.1,5.51,0.9,non_ego_flow.1,3.02,10.49,3.9936950309206134,0,0
47.4,ego_vehicle,1.47,-6.87,5.36,0.88,non_ego_flow.1,4.010000000000001,10.02,3.9468975157710897,0,0
47.5,ego_vehicle,0.81,-6.59,5.28,0.87,non_ego_flow.1,4.970000000000001,9.59,3.930203557069277,0,0
47.6,ego_vehicle,1.41,6.0,5.14,0.85,non_ego_flow.1,4.6899999999999995,-2.84,3.982787968245359,0,0
47.7,ego_vehicle,2.01,6.0,4.97,0.74,non_ego_flow.1,4.390000000000001,-3.0,4.176601489249363,0,0
47.8,ego_vehicle,2.61,5.98,4.75,0.61,non_ego_flow.1,4.1,-2.8500000000000005,4.427301661283089,0,0
47.9,ego_vehicle,3.19,5.86,4.47,0.44,non_ego_flow.1,3.82,-2.8300000000000005,4.736253793875492,0,0
48.0,ego_vehicle,3.71,5.23,4.16,0.25,non_ego_flow.1,3.5999999999999996,-2.2500000000000004,5.084820547472644,0,0
48.1,ego_vehicle,4.17,4.55,3.8,0.04,non_ego_flow.1,3.4299999999999997,-1.6399999999999997,5.457700981182461,0,0
48.2,ego_vehicle,4.49,3.17,3.41,-0.19,non_ego_flow.1,3.3999999999999995,-0.2599999999999998,5.858754133772811,0,0
48.3,ego_vehicle,4.8,3.12,3.0,-0.44,non_ego_flow.1,3.3999999999999995,-0.07000000000000028,6.290310008258735,0,0
48.4,ego_vehicle,4.99,1.95,2.57,-0.7,non_ego_flow.4,1.2699999999999996,-0.21999999999999997,6.435184535038603,0,0
48.5,ego_vehicle,5.09,0.99,2.14,-0.96,non_ego_flow.4,1.33,0.69,5.466049761939604,0,0
48.6,ego_vehicle,5.2,1.05,1.69,-1.23,non_ego_flow.4,1.38,0.49,4.524743086629339,0,0
48.7,ego_vehicle,5.27,0.75,1.3,-1.56,non_ego_flow.4,1.4800000000000004,0.95,3.6635638386685714,0,0
48.8,ego_vehicle,5.33,0.56,1.03,-2.02,non_ego_flow.4,1.5899999999999999,1.17,2.879392296996017,0,0
48.9,ego_vehicle,5.34,0.11,0.75,-2.48,non_ego_flow.4,1.7800000000000002,1.88,2.33238075793812,0,0
49.0,ego_vehicle,5.38,0.41,0.48,-2.94,non_ego_flow.4,1.92,1.4300000000000002,2.2354417907876734,0,0
49.1,ego_vehicle,5.45,0.71,0.2,-3.41,non_ego_flow.4,2.0300000000000002,1.06,2.6617663308412327,0,0
49.2,ego_vehicle,5.49,0.41,-0.09,-3.88,non_ego_flow.4,2.1499999999999995,1.1800000000000002,3.445112480021516,1,1
49.3,ego_vehicle,5.51,0.11,-0.37,-4.35,non_ego_flow.4,2.2700000000000005,1.24,4.403055757085072,0,1
49.4,ego_vehicle,4.51,-10.0,-0.6,-4.74,non_ego_flow.4,2.8200000000000003,5.5,5.340337068013591,0,1
49.5,ego_vehicle,3.51,-10.0,-0.78,-5.04,non_ego_flow.4,3.37,5.5,6.21463595072149,0,1
49.6,ego_vehicle,2.51,-10.0,-0.87,-5.27,non_ego_flow.4,3.92,5.5,6.955896778992627,0,1
49.7,ego_vehicle,1.51,-10.0,-0.89,-5.42,non_ego_flow.4,4.470000000000001,5.5,7.585380676010928,0,1
